id,title,narration,link,image
1,Senior Editor,Aliquam quis turpis eget elit sodales scelerisque. Mauris sit amet eros. Suspendisse accumsan tortor quis turpis.,https://xinhuanet.com,http://dummyimage.com/x.png/dddddd/000000
2,Clinical Specialist,"In sagittis dui vel nisl. Duis ac nibh. Fusce lacus purus, aliquet at, feugiat non, pretium quis, lectus.",https://intel.com,http://dummyimage.com/x.png/cc0000/ffffff
3,Data Coordiator,In congue. Etiam justo. Etiam pretium iaculis justo.,https://microsoft.com,http://dummyimage.com/x.png/dddddd/000000
4,VP Sales,"Quisque porta volutpat erat. Quisque erat eros, viverra eget, congue eget, semper rutrum, nulla. Nunc purus.",http://joomla.org,http://dummyimage.com/x.png/dddddd/000000
5,GIS Technical Architect,"Proin leo odio, porttitor id, consequat in, consequat ut, nulla. Sed accumsan felis. Ut at dolor quis odio consequat varius.",http://list-manage.com,http://dummyimage.com/x.png/cc0000/ffffff
6,Web Designer III,"Mauris enim leo, rhoncus sed, vestibulum sit amet, cursus id, turpis. Integer aliquet, massa id lobortis convallis, tortor risus dapibus augue, vel accumsan tellus nisi eu orci. Mauris lacinia sapien quis libero.",https://miibeian.gov.cn,http://dummyimage.com/x.png/5fa2dd/ffffff
7,Nuclear Power Engineer,"Vestibulum quam sapien, varius ut, blandit non, interdum in, ante. Vestibulum ante ipsum primis in faucibus orci luctus et ultrices posuere cubilia Curae; Duis faucibus accumsan odio. Curabitur convallis.",http://scribd.com,http://dummyimage.com/x.png/ff4444/ffffff
8,Senior Editor,"Vestibulum ac est lacinia nisi venenatis tristique. Fusce congue, diam id ornare imperdiet, sapien urna pretium nisl, ut volutpat sapien arcu sed augue. Aliquam erat volutpat.",https://github.io,http://dummyimage.com/x.png/cc0000/ffffff
9,Research Associate,"Curabitur in libero ut massa volutpat convallis. Morbi odio odio, elementum eu, interdum eu, tincidunt in, leo. Maecenas pulvinar lobortis est.",https://lulu.com,http://dummyimage.com/x.png/5fa2dd/ffffff
10,Chemical Engineer,"Curabitur gravida nisi at nibh. In hac habitasse platea dictumst. Aliquam augue quam, sollicitudin vitae, consectetuer eget, rutrum at, lorem.",http://springer.com,http://dummyimage.com/x.png/cc0000/ffffff
11,Nurse Practicioner,In hac habitasse platea dictumst. Etiam faucibus cursus urna. Ut tellus.,http://nasa.gov,http://dummyimage.com/x.png/cc0000/ffffff
12,Dental Hygienist,Suspendisse potenti. In eleifend quam a odio. In hac habitasse platea dictumst.,https://cdc.gov,http://dummyimage.com/x.png/ff4444/ffffff
13,Paralegal,"Praesent blandit. Nam nulla. Integer pede justo, lacinia eget, tincidunt eget, tempus vel, pede.",http://scientificamerican.com,http://dummyimage.com/x.png/dddddd/000000
14,Nuclear Power Engineer,In quis justo. Maecenas rhoncus aliquam lacus. Morbi quis tortor id nulla ultrices aliquet.,http://macromedia.com,http://dummyimage.com/x.png/dddddd/000000
15,Director of Sales,"Curabitur at ipsum ac tellus semper interdum. Mauris ullamcorper purus sit amet nulla. Quisque arcu libero, rutrum ac, lobortis vel, dapibus at, diam.",http://earthlink.net,http://dummyimage.com/x.png/5fa2dd/ffffff
16,Help Desk Technician,"Quisque id justo sit amet sapien dignissim vestibulum. Vestibulum ante ipsum primis in faucibus orci luctus et ultrices posuere cubilia Curae; Nulla dapibus dolor vel est. Donec odio justo, sollicitudin ut, suscipit a, feugiat et, eros.",https://sbwire.com,http://dummyimage.com/x.png/dddddd/000000
17,Research Nurse,Etiam vel augue. Vestibulum rutrum rutrum neque. Aenean auctor gravida sem.,http://census.gov,http://dummyimage.com/x.png/5fa2dd/ffffff
18,Analyst Programmer,Nulla ut erat id mauris vulputate elementum. Nullam varius. Nulla facilisi.,https://fda.gov,http://dummyimage.com/x.png/dddddd/000000
19,Web Designer I,Duis aliquam convallis nunc. Proin at turpis a pede posuere nonummy. Integer non velit.,http://upenn.edu,http://dummyimage.com/x.png/5fa2dd/ffffff
20,Statistician II,"Lorem ipsum dolor sit amet, consectetuer adipiscing elit. Proin risus. Praesent lectus.",https://icio.us,http://dummyimage.com/x.png/ff4444/ffffff
